[
	{
		"ADM1_NAME": "Beyla",
		"Cases": "46",
		"Deaths": "27"
	},
	{
		"ADM1_NAME": "Boffa",
		"Cases": "46",
		"Deaths": "36"
	},
	{
		"ADM1_NAME": "Boke",
		"Cases": "1",
		"Deaths": "0"
	},
	{
		"ADM1_NAME": "Conakry",
		"Cases": "498",
		"Deaths": "265"
	},
	{
		"ADM1_NAME": "Coyah",
		"Cases": "201",
		"Deaths": "104"
	},
	{
		"ADM1_NAME": "Dabola",
		"Cases": "13",
		"Deaths": "13"
	},
	{
		"ADM1_NAME": "Dalaba",
		"Cases": "9",
		"Deaths": "2"
	},
	{
		"ADM1_NAME": "Dinguiraye",
		"Cases": "1",
		"Deaths": "1"
	},
	{
		"ADM1_NAME": "Dubreka",
		"Cases": "116",
		"Deaths": "70"
	},
	{
		"ADM1_NAME": "Faranah",
		"Cases": "70",
		"Deaths": "55"
	},
	{
		"ADM1_NAME": "Forécariah",
		"Cases": "247",
		"Deaths": "159"
	},
	{
		"ADM1_NAME": "Fria",
		"Cases": "2",
		"Deaths": "2"
	},
	{
		"ADM1_NAME": "Gaoual",
		"Cases": "0",
		"Deaths": "0"
	},
	{
		"ADM1_NAME": "Gueckedou",
		"Cases": "381",
		"Deaths": "315"
	},
	{
		"ADM1_NAME": "Kankan",
		"Cases": "32",
		"Deaths": "21"
	},
	{
		"ADM1_NAME": "Kerouane",
		"Cases": "161",
		"Deaths": "98"
	},
	{
		"ADM1_NAME": "Kindia",
		"Cases": "101",
		"Deaths": "77"
	},
	{
		"ADM1_NAME": "Kissidougou",
		"Cases": "105",
		"Deaths": "76"
	},
	{
		"ADM1_NAME": "Kouroussa",
		"Cases": "20",
		"Deaths": "13"
	},
	{
		"ADM1_NAME": "Labe",
		"Cases": "0",
		"Deaths": "0"
	},
	{
		"ADM1_NAME": "Lola",
		"Cases": "111",
		"Deaths": "84"
	},
	{
		"ADM1_NAME": "Macenta",
		"Cases": "745",
		"Deaths": "502"
	},
	{
		"ADM1_NAME": "Mali",
		"Cases": "5",
		"Deaths": "3"
	},
	{
		"ADM1_NAME": "Mamou",
		"Cases": "0",
		"Deaths": "0"
	},
	{
		"ADM1_NAME": "Nzerekore",
		"Cases": "256",
		"Deaths": "181"
	},
	{
		"ADM1_NAME": "Pita",
		"Cases": "8",
		"Deaths": "4"
	},
	{
		"ADM1_NAME": "Siguiri",
		"Cases": "32",
		"Deaths": "23"
	},
	{
		"ADM1_NAME": "Telimele",
		"Cases": "43",
		"Deaths": "20"
	},
	{
		"ADM1_NAME": "Tougué",
		"Cases": "2",
		"Deaths": "1"
	},
	{
		"ADM1_NAME": "Yomou",
		"Cases": "11",
		"Deaths": "5"
	},
	{
		"ADM1_NAME": "Bomi",
		"Cases": "318",
		"Deaths": "174"
	},
	{
		"ADM1_NAME": "Bong",
		"Cases": "596",
		"Deaths": "154"
	},
	{
		"ADM1_NAME": "Gbarpolu",
		"Cases": "35",
		"Deaths": "13"
	},
	{
		"ADM1_NAME": "Grand Bassa",
		"Cases": "181",
		"Deaths": "79"
	},
	{
		"ADM1_NAME": "Grand Cape Mount",
		"Cases": "313",
		"Deaths": "28"
	},
	{
		"ADM1_NAME": "Grand Gedeh",
		"Cases": "11",
		"Deaths": "6"
	},
	{
		"ADM1_NAME": "Grand Kru",
		"Cases": "36",
		"Deaths": "27"
	},
	{
		"ADM1_NAME": "Lofa",
		"Cases": "674",
		"Deaths": "401"
	},
	{
		"ADM1_NAME": "Margibi",
		"Cases": "1,291",
		"Deaths": "582"
	},
	{
		"ADM1_NAME": "Maryland",
		"Cases": "26",
		"Deaths": "21"
	},
	{
		"ADM1_NAME": "Montserrado",
		"Cases": "4,866",
		"Deaths": "2,026"
	},
	{
		"ADM1_NAME": "Nimba",
		"Cases": "337",
		"Deaths": "60"
	},
	{
		"ADM1_NAME": "River Gee",
		"Cases": "25",
		"Deaths": "13"
	},
	{
		"ADM1_NAME": "Rivercess",
		"Cases": "44",
		"Deaths": "27"
	},
	{
		"ADM1_NAME": "Sinoe",
		"Cases": "59",
		"Deaths": "24"
	},
	{
		"ADM1_NAME": "Bo",
		"Cases": "561",
		"Deaths": "165"
	},
	{
		"ADM1_NAME": "Bombali",
		"Cases": "1,216",
		"Deaths": "428"
	},
	{
		"ADM1_NAME": "Bonthe",
		"Cases": "23",
		"Deaths": "7"
	},
	{
		"ADM1_NAME": "Kailahun",
		"Cases": "656",
		"Deaths": "267"
	},
	{
		"ADM1_NAME": "Kambia",
		"Cases": "364",
		"Deaths": "134"
	},
	{
		"ADM1_NAME": "Kenema",
		"Cases": "758",
		"Deaths": "270"
	},
	{
		"ADM1_NAME": "Koinadugu",
		"Cases": "221",
		"Deaths": "88"
	},
	{
		"ADM1_NAME": "Kono",
		"Cases": "612",
		"Deaths": "207"
	},
	{
		"ADM1_NAME": "Moyamba",
		"Cases": "343",
		"Deaths": "107"
	},
	{
		"ADM1_NAME": "Port",
		"Cases": "1,923",
		"Deaths": "624"
	},
	{
		"ADM1_NAME": "Pujehun",
		"Cases": "63",
		"Deaths": "21"
	},
	{
		"ADM1_NAME": "Tonkolili",
		"Cases": "571",
		"Deaths": "185"
	},
	{
		"ADM1_NAME": "Western area rural",
		"Cases": "1,545",
		"Deaths": "520"
	},
	{
		"ADM1_NAME": "Western area urban",
		"Cases": "3,034",
		"Deaths": "763"
	}
]